RES_ID,RES_NAME,BW,CHAIN
1,M,,N-Ter
2,S,,N-Ter
3,I,,N-Ter
4,A,,N-Ter
5,D,,N-Ter
6,E,,N-Ter
7,T,,N-Ter
8,V,,N-Ter
9,S,,N-Ter
10,W,,N-Ter
11,N,,N-Ter
12,Q,,N-Ter
13,D,,N-Ter
14,S,,N-Ter
15,I,,N-Ter
16,L,,N-Ter
17,S,,N-Ter
18,R,,N-Ter
19,D,,N-Ter
20,L,,N-Ter
21,F,,N-Ter
22,S,,N-Ter
23,A,,N-Ter
24,T,,N-Ter
25,S,,N-Ter
26,A,,N-Ter
27,E,,N-Ter
28,L,,N-Ter
29,C,,N-Ter
30,Y,,N-Ter
31,E,,N-Ter
32,N,,N-Ter
33,L,,N-Ter
34,N,,N-Ter
35,R,,N-Ter
36,S,,N-Ter
37,C,,N-Ter
38,V,,N-Ter
39,R,,N-Ter
40,S,1.25,TM1
41,P,1.26,TM1
42,Y,1.27,TM1
43,S,1.28,TM1
44,P,1.29,TM1
45,G,1.30,TM1
46,P,1.31,TM1
47,R,1.32,TM1
48,L,1.33,TM1
49,I,1.34,TM1
50,L,1.35,TM1
51,Y,1.36,TM1
52,A,1.37,TM1
53,V,1.38,TM1
54,F,1.39,TM1
55,G,1.40,TM1
56,F,1.41,TM1
57,G,1.42,TM1
58,A,1.43,TM1
59,V,1.44,TM1
60,L,1.45,TM1
61,A,1.46,TM1
62,V,1.47,TM1
63,C,1.48,TM1
64,G,1.49,TM1
65,N,1.50,TM1
66,L,1.51,TM1
67,L,1.52,TM1
68,V,1.53,TM1
69,M,1.54,TM1
70,T,1.55,TM1
71,S,1.56,TM1
72,I,1.57,TM1
73,L,1.58,TM1
74,H,1.59,TM1
75,F,1.60,TM1
76,R,12.48,ICL1
77,Q,12.49,ICL1
78,L,12.50,ICL1
79,H,12.51,ICL1
80,S,2.37,TM2
81,P,2.38,TM2
82,A,2.39,TM2
83,N,2.40,TM2
84,F,2.41,TM2
85,L,2.42,TM2
86,V,2.43,TM2
87,A,2.44,TM2
88,S,2.45,TM2
89,L,2.46,TM2
90,A,2.47,TM2
91,C,2.48,TM2
92,A,2.49,TM2
93,D,2.50,TM2
94,F,2.51,TM2
95,L,2.52,TM2
96,V,2.53,TM2
97,G,2.54,TM2
98,V,2.55,TM2
99,M,2.56,TM2
100,V,2.57,TM2
101,M,2.58,TM2
102,P,2.59,TM2
103,F,2.60,TM2
104,S,2.61,TM2
105,M,2.62,TM2
106,V,2.63,TM2
107,R,2.64,TM2
108,S,2.65,TM2
109,V,2.66,TM2
110,E,2.67,TM2
111,G,2.68,TM2
112,C,23.49,ECL1
113,W,23.50,ECL1
114,Y,23.51,ECL1
115,F,23.52,ECL1
116,G,3.21,TM3
117,D,3.22,TM3
118,S,3.23,TM3
119,Y,3.24,TM3
120,C,3.25,TM3
121,K,3.26,TM3
122,L,3.27,TM3
123,H,3.28,TM3
124,T,3.29,TM3
125,C,3.30,TM3
126,F,3.31,TM3
127,D,3.32,TM3
128,V,3.33,TM3
129,S,3.34,TM3
130,F,3.35,TM3
131,C,3.36,TM3
132,Y,3.37,TM3
133,C,3.38,TM3
134,S,3.39,TM3
135,L,3.40,TM3
136,F,3.41,TM3
137,H,3.42,TM3
138,L,3.43,TM3
139,C,3.44,TM3
140,F,3.45,TM3
141,I,3.46,TM3
142,S,3.47,TM3
143,V,3.48,TM3
144,D,3.49,TM3
145,R,3.50,TM3
146,Y,3.51,TM3
147,I,3.52,TM3
148,A,3.53,TM3
149,V,3.54,TM3
150,S,3.55,TM3
151,D,3.56,TM3
152,P,34.50,ICL2
153,L,34.51,ICL2
154,A,34.52,ICL2
155,Y,34.53,ICL2
156,P,34.54,ICL2
157,T,34.55,ICL2
158,R,34.56,ICL2
159,F,34.57,ICL2
160,T,4.38,TM4
161,A,4.39,TM4
162,S,4.40,TM4
163,V,4.41,TM4
164,S,4.42,TM4
165,G,4.43,TM4
166,K,4.44,TM4
167,C,4.45,TM4
168,I,4.46,TM4
169,T,4.47,TM4
170,F,4.48,TM4
171,S,4.49,TM4
172,W,4.50,TM4
173,L,4.51,TM4
174,L,4.52,TM4
175,S,4.53,TM4
176,I,4.54,TM4
177,S,4.55,TM4
178,Y,4.56,TM4
179,G,4.57,TM4
180,F,4.58,TM4
181,S,4.59,TM4
182,L,4.60,TM4
183,I,4.61,TM4
184,Y,4.62,TM4
185,T,4.63,TM4
186,G,4.64,TM4
187,A,45.30,ECL2
188,S,45.31,ECL2
189,E,45.32,ECL2
190,A,45.33,ECL2
191,G,45.34,ECL2
192,L,45.35,ECL2
193,E,45.36,ECL2
194,D,45.37,ECL2
195,L,45.38,ECL2
196,V,45.39,ECL2
197,S,45.40,ECL2
198,S,45.41,ECL2
199,L,45.42,ECL2
200,T,45.43,ECL2
201,C,45.44,ECL2
202,V,45.45,ECL2
203,G,45.46,ECL2
204,G,45.47,ECL2
205,C,45.50,ECL2
206,Q,45.51,ECL2
207,I,45.52,ECL2
208,A,45.53,ECL2
209,V,45.54,ECL2
210,N,5.36,TM5
211,Q,5.37,TM5
212,T,5.38,TM5
213,W,5.39,TM5
214,V,5.40,TM5
215,F,5.41,TM5
216,I,5.42,TM5
217,N,5.43,TM5
218,F,5.44,TM5
219,S,5.45,TM5
220,V,5.46,TM5
221,F,5.47,TM5
222,L,5.48,TM5
223,I,5.49,TM5
224,P,5.50,TM5
225,T,5.51,TM5
226,L,5.52,TM5
227,V,5.53,TM5
228,M,5.54,TM5
229,I,5.55,TM5
230,T,5.56,TM5
231,V,5.57,TM5
232,Y,5.58,TM5
233,S,5.59,TM5
234,K,5.60,TM5
235,I,5.61,TM5
236,F,5.62,TM5
237,L,5.63,TM5
238,I,5.64,TM5
239,A,5.65,TM5
240,K,5.66,TM5
241,Q,5.67,TM5
242,Q,5.68,TM5
243,A,5.69,TM5
244,Q,5.70,TM5
245,N,5.71,TM5
246,I,5.72,TM5
247,E,5.73,TM5
248,K,5.74,TM5
249,M,5.75,TM5
250,S,5.76,TM5
251,K,5.77,TM5
252,Q,5.78,TM5
253,T,5.79,TM5
254,A,5.80,TM5
255,R,,ICL3
256,A,,ICL3
257,S,,ICL3
258,D,,ICL3
259,S,,ICL3
260,Y,,ICL3
261,K,6.23,TM6
262,D,6.24,TM6
263,R,6.25,TM6
264,V,6.26,TM6
265,A,6.27,TM6
266,K,6.28,TM6
267,R,6.29,TM6
268,E,6.30,TM6
269,R,6.31,TM6
270,K,6.32,TM6
271,A,6.33,TM6
272,A,6.34,TM6
273,K,6.35,TM6
274,T,6.36,TM6
275,L,6.37,TM6
276,G,6.38,TM6
277,I,6.39,TM6
278,A,6.40,TM6
279,V,6.41,TM6
280,A,6.42,TM6
281,A,6.43,TM6
282,F,6.44,TM6
283,L,6.45,TM6
284,L,6.46,TM6
285,S,6.47,TM6
286,W,6.48,TM6
287,L,6.49,TM6
288,P,6.50,TM6
289,Y,6.51,TM6
290,F,6.52,TM6
291,I,6.53,TM6
292,D,6.54,TM6
293,S,6.55,TM6
294,F,6.56,TM6
295,I,6.57,TM6
296,D,6.58,TM6
297,A,6.59,TM6
298,F,6.60,TM6
299,L,6.61,TM6
300,G,,ECL3
301,F,,ECL3
302,I,,ECL3
303,T,,ECL3
304,P,7.31,TM7
305,T,7.32,TM7
306,Y,7.33,TM7
307,V,7.34,TM7
308,Y,7.35,TM7
309,E,7.36,TM7
310,I,7.37,TM7
311,L,7.38,TM7
312,V,7.39,TM7
313,W,7.40,TM7
314,I,7.41,TM7
315,V,7.42,TM7
316,Y,7.43,TM7
317,Y,7.44,TM7
318,N,7.45,TM7
319,S,7.46,TM7
320,A,7.47,TM7
321,M,7.48,TM7
322,N,7.49,TM7
323,P,7.50,TM7
324,L,7.51,TM7
325,I,7.52,TM7
326,Y,7.53,TM7
327,A,7.54,TM7
328,F,7.55,TM7
329,F,7.56,TM7
330,Y,8.47,H8
331,P,8.48,H8
332,W,8.49,H8
333,F,8.50,H8
334,R,8.51,H8
335,K,8.52,H8
336,A,8.53,H8
337,I,8.54,H8
338,K,8.55,H8
339,L,8.56,H8
340,T,8.57,H8
341,V,8.58,H8
342,T,8.59,H8
343,G,,H8
344,K,,C-Ter
345,I,,C-Ter
346,L,,C-Ter
347,R,,C-Ter
348,E,,C-Ter
349,N,,C-Ter
350,S,,C-Ter
351,S,,C-Ter
352,T,,C-Ter
353,T,,C-Ter
354,N,,C-Ter
355,L,,C-Ter
356,F,,C-Ter
357,S,,C-Ter
358,E,,C-Ter
